{
  "start": {
    "x": 0.14866434378629498,
    "y": 0.10801393728222994,
    "type": "start"
  },
  "end": {
    "x": 0.9326364692218351,
    "y": 0.6190476190476191,
    "type": "end"
  }
}