{
  "start": {
    "x": 0.23577235772357721,
    "y": 0.3693379790940767,
    "type": "start"
  },
  "end": {
    "x": 0.9442508710801394,
    "y": 0.38095238095238093,
    "type": "end"
  }
}