{
  "start": {
    "x": 0.24157955865272937,
    "y": 0.25319396051103366,
    "type": "start"
  },
  "end": {
    "x": 0.7351916376306621,
    "y": 0.8397212543554007,
    "type": "end"
  }
}