{
  "start": {
    "x": 0.1835075493612079,
    "y": 0.14285714285714282,
    "type": "start"
  },
  "end": {
    "x": 0.7642276422764228,
    "y": 0.6887340301974448,
    "type": "end"
  }
}